instrument_id,exchange,segment,security_type,angel_token,angel_symbol,base_symbol,yahoo_symbol,validation_status,last_validated,is_active,data_source,remarks
EQ_NSE_ETERNAL,NSE,CASH,EQUITY,5097,ETERNAL-EQ,ETERNAL,ETERNAL.NS,VALID,2026-05-16,True,YAHOO,
EQ_NSE_MPHASIS,NSE,CASH,EQUITY,4503,MPHASIS-EQ,MPHASIS,MPHASIS.NS,VALID,2026-05-16,True,YAHOO,
EQ_NSE_PETRONET,NSE,CASH,EQUITY,11351,PETRONET-EQ,PETRONET,PETRONET.NS,VALID,2026-05-16,True,YAHOO,
EQ_NSE_PREMIERENE,NSE,CASH,EQUITY,25049,PREMIERENE-EQ,PREMIERENE,PREMIERENE.NS,VALID,2026-05-16,True,YAHOO,
EQ_NSE_DIXON,NSE,CASH,EQUITY,21690,DIXON-EQ,DIXON,DIXON.NS,VALID,2026-05-16,True,YAHOO,
EQ_NSE_INFY,NSE,CASH,EQUITY,1594,INFY-EQ,INFY,INFY.NS,VALID,2026-05-16,True,YAHOO,
EQ_NSE_HCLTECH,NSE,CASH,EQUITY,7229,HCLTECH-EQ,HCLTECH,HCLTECH.NS,VALID,2026-05-16,True,YAHOO,
EQ_NSE_WAAREEENER,NSE,CASH,EQUITY,25907,WAAREEENER-EQ,WAAREEENER,WAAREEENER.NS,VALID,2026-05-16,True,YAHOO,
EQ_NSE_LTF,NSE,CASH,EQUITY,24948,LTF-EQ,LTF,LTF.NS,VALID,2026-05-16,True,YAHOO,
EQ_NSE_IOC,NSE,CASH,EQUITY,1624,IOC-EQ,IOC,IOC.NS,VALID,2026-05-16,True,YAHOO,
EQ_NSE_OIL,NSE,CASH,EQUITY,17438,OIL-EQ,OIL,OIL.NS,VALID,2026-05-16,True,YAHOO,
EQ_NSE_BHEL,NSE,CASH,EQUITY,438,BHEL-EQ,BHEL,BHEL.NS,VALID,2026-05-16,True,YAHOO,
EQ_NSE_AUROPHARMA,NSE,CASH,EQUITY,275,AUROPHARMA-EQ,AUROPHARMA,AUROPHARMA.NS,VALID,2026-05-16,True,YAHOO,
EQ_NSE_TECHM,NSE,CASH,EQUITY,13538,TECHM-EQ,TECHM,TECHM.NS,VALID,2026-05-16,True,YAHOO,
EQ_NSE_KALYANKJIL,NSE,CASH,EQUITY,2955,KALYANKJIL-EQ,KALYANKJIL,KALYANKJIL.NS,VALID,2026-05-16,True,YAHOO,
EQ_NSE_POWERINDIA,NSE,CASH,EQUITY,18457,POWERINDIA-EQ,POWERINDIA,POWERINDIA.NS,VALID,2026-05-16,True,YAHOO,
EQ_NSE_POLYCAB,NSE,CASH,EQUITY,9590,POLYCAB-EQ,POLYCAB,POLYCAB.NS,VALID,2026-05-16,True,YAHOO,
EQ_NSE_COFORGE,NSE,CASH,EQUITY,11543,COFORGE-EQ,COFORGE,COFORGE.NS,VALID,2026-05-16,True,YAHOO,
EQ_NSE_APOLLOHOSP,NSE,CASH,EQUITY,157,APOLLOHOSP-EQ,APOLLOHOSP,APOLLOHOSP.NS,VALID,2026-05-16,True,YAHOO,
EQ_NSE_HINDZINC,NSE,CASH,EQUITY,1424,HINDZINC-EQ,HINDZINC,HINDZINC.NS,VALID,2026-05-16,True,YAHOO,
EQ_NSE_TORNTPOWER,NSE,CASH,EQUITY,13786,TORNTPOWER-EQ,TORNTPOWER,TORNTPOWER.NS,VALID,2026-05-16,True,YAHOO,
EQ_NSE_SAIL,NSE,CASH,EQUITY,2963,SAIL-EQ,SAIL,SAIL.NS,VALID,2026-05-16,True,YAHOO,
EQ_NSE_ADANIENSOL,NSE,CASH,EQUITY,10217,ADANIENSOL-EQ,ADANIENSOL,ADANIENSOL.NS,VALID,2026-05-16,True,YAHOO,
EQ_NSE_TATAELXSI,NSE,CASH,EQUITY,3411,TATAELXSI-EQ,TATAELXSI,TATAELXSI.NS,VALID,2026-05-16,True,YAHOO,
EQ_NSE_TATATECH,NSE,CASH,EQUITY,20293,TATATECH-EQ,TATATECH,TATATECH.NS,VALID,2026-05-16,True,YAHOO,
EQ_NSE_WIPRO,NSE,CASH,EQUITY,3787,WIPRO-EQ,WIPRO,WIPRO.NS,VALID,2026-05-16,True,YAHOO,
EQ_NSE_GLENMARK,NSE,CASH,EQUITY,7406,GLENMARK-EQ,GLENMARK,GLENMARK.NS,VALID,2026-05-16,True,YAHOO,
EQ_NSE_TCS,NSE,CASH,EQUITY,11536,TCS-EQ,TCS,TCS.NS,VALID,2026-05-16,True,YAHOO,
EQ_NSE_AMBER,NSE,CASH,EQUITY,1185,AMBER-EQ,AMBER,AMBER.NS,VALID,2026-05-16,True,YAHOO,
EQ_NSE_BPCL,NSE,CASH,EQUITY,526,BPCL-EQ,BPCL,BPCL.NS,VALID,2026-05-16,True,YAHOO,
EQ_NSE_TRENT,NSE,CASH,EQUITY,1964,TRENT-EQ,TRENT,TRENT.NS,VALID,2026-05-16,True,YAHOO,
EQ_NSE_OFSS,NSE,CASH,EQUITY,10738,OFSS-EQ,OFSS,OFSS.NS,VALID,2026-05-16,True,YAHOO,
EQ_NSE_PERSISTENT,NSE,CASH,EQUITY,18365,PERSISTENT-EQ,PERSISTENT,PERSISTENT.NS,VALID,2026-05-16,True,YAHOO,
EQ_NSE_APLAPOLLO,NSE,CASH,EQUITY,25780,APLAPOLLO-EQ,APLAPOLLO,APLAPOLLO.NS,VALID,2026-05-16,True,YAHOO,
EQ_NSE_BHARATFORG,NSE,CASH,EQUITY,422,BHARATFORG-EQ,BHARATFORG,BHARATFORG.NS,VALID,2026-05-16,True,YAHOO,
EQ_NSE_NHPC,NSE,CASH,EQUITY,17400,NHPC-EQ,NHPC,NHPC.NS,VALID,2026-05-16,True,YAHOO,
EQ_NSE_VOLTAS,NSE,CASH,EQUITY,3718,VOLTAS-EQ,VOLTAS,VOLTAS.NS,VALID,2026-05-16,True,YAHOO,
EQ_NSE_IEX,NSE,CASH,EQUITY,220,IEX-EQ,IEX,IEX.NS,VALID,2026-05-16,True,YAHOO,
EQ_NSE_UNIONBANK,NSE,CASH,EQUITY,10753,UNIONBANK-EQ,UNIONBANK,UNIONBANK.NS,VALID,2026-05-16,True,YAHOO,
EQ_NSE_NTPC,NSE,CASH,EQUITY,11630,NTPC-EQ,NTPC,NTPC.NS,VALID,2026-05-16,True,YAHOO,
EQ_NSE_LT,NSE,CASH,EQUITY,11483,LT-EQ,LT,LT.NS,VALID,2026-05-16,True,YAHOO,
EQ_NSE_JIOFIN,NSE,CASH,EQUITY,18143,JIOFIN-EQ,JIOFIN,JIOFIN.NS,VALID,2026-05-16,True,YAHOO,
EQ_NSE_SUPREMEIND,NSE,CASH,EQUITY,3363,SUPREMEIND-EQ,SUPREMEIND,SUPREMEIND.NS,VALID,2026-05-16,True,YAHOO,
EQ_NSE_DIVISLAB,NSE,CASH,EQUITY,10940,DIVISLAB-EQ,DIVISLAB,DIVISLAB.NS,VALID,2026-05-16,True,YAHOO,
EQ_NSE_TMPV,NSE,CASH,EQUITY,3456,TMPV-EQ,TMPV,TMPV.NS,VALID,2026-05-16,True,YAHOO,
EQ_NSE_TORNTPHARM,NSE,CASH,EQUITY,3518,TORNTPHARM-EQ,TORNTPHARM,TORNTPHARM.NS,VALID,2026-05-16,True,YAHOO,
EQ_NSE_KPITTECH,NSE,CASH,EQUITY,9683,KPITTECH-EQ,KPITTECH,KPITTECH.NS,VALID,2026-05-16,True,YAHOO,
EQ_NSE_ASHOKLEY,NSE,CASH,EQUITY,212,ASHOKLEY-EQ,ASHOKLEY,ASHOKLEY.NS,VALID,2026-05-16,True,YAHOO,
EQ_NSE_POWERGRID,NSE,CASH,EQUITY,14977,POWERGRID-EQ,POWERGRID,POWERGRID.NS,VALID,2026-05-16,True,YAHOO,
EQ_NSE_BAJFINANCE,NSE,CASH,EQUITY,317,BAJFINANCE-EQ,BAJFINANCE,BAJFINANCE.NS,VALID,2026-05-16,True,YAHOO,
EQ_NSE_SBICARD,NSE,CASH,EQUITY,17971,SBICARD-EQ,SBICARD,SBICARD.NS,VALID,2026-05-16,True,YAHOO,
EQ_NSE_SWIGGY,NSE,CASH,EQUITY,27066,SWIGGY-EQ,SWIGGY,SWIGGY.NS,VALID,2026-05-16,True,YAHOO,
EQ_NSE_FEDERALBNK,NSE,CASH,EQUITY,1023,FEDERALBNK-EQ,FEDERALBNK,FEDERALBNK.NS,VALID,2026-05-16,True,YAHOO,
EQ_NSE_TATASTEEL,NSE,CASH,EQUITY,3499,TATASTEEL-EQ,TATASTEEL,TATASTEEL.NS,VALID,2026-05-16,True,YAHOO,
EQ_NSE_IDEA,NSE,CASH,EQUITY,14366,IDEA-EQ,IDEA,IDEA.NS,VALID,2026-05-16,True,YAHOO,
EQ_NSE_TITAN,NSE,CASH,EQUITY,3506,TITAN-EQ,TITAN,TITAN.NS,VALID,2026-05-16,True,YAHOO,
EQ_NSE_AXISBANK,NSE,CASH,EQUITY,5900,AXISBANK-EQ,AXISBANK,AXISBANK.NS,VALID,2026-05-16,True,YAHOO,
EQ_NSE_DELHIVERY,NSE,CASH,EQUITY,9599,DELHIVERY-EQ,DELHIVERY,DELHIVERY.NS,VALID,2026-05-16,True,YAHOO,
EQ_NSE_HDFCBANK,NSE,CASH,EQUITY,1333,HDFCBANK-EQ,HDFCBANK,HDFCBANK.NS,VALID,2026-05-16,True,YAHOO,
EQ_NSE_SBIN,NSE,CASH,EQUITY,3045,SBIN-EQ,SBIN,SBIN.NS,VALID,2026-05-16,True,YAHOO,
EQ_NSE_NMDC,NSE,CASH,EQUITY,15332,NMDC-EQ,NMDC,NMDC.NS,VALID,2026-05-16,True,YAHOO,
EQ_NSE_HDFCAMC,NSE,CASH,EQUITY,4244,HDFCAMC-EQ,HDFCAMC,HDFCAMC.NS,VALID,2026-05-16,True,YAHOO,
EQ_NSE_TIINDIA,NSE,CASH,EQUITY,312,TIINDIA-EQ,TIINDIA,TIINDIA.NS,VALID,2026-05-16,True,YAHOO,
EQ_NSE_PNB,NSE,CASH,EQUITY,10666,PNB-EQ,PNB,PNB.NS,VALID,2026-05-16,True,YAHOO,
EQ_NSE_BANKINDIA,NSE,CASH,EQUITY,4745,BANKINDIA-EQ,BANKINDIA,BANKINDIA.NS,VALID,2026-05-16,True,YAHOO,
EQ_NSE_RELIANCE,NSE,CASH,EQUITY,2885,RELIANCE-EQ,RELIANCE,RELIANCE.NS,VALID,2026-05-16,True,YAHOO,
EQ_NSE_TVSMOTOR,NSE,CASH,EQUITY,8479,TVSMOTOR-EQ,TVSMOTOR,TVSMOTOR.NS,VALID,2026-05-16,True,YAHOO,
EQ_NSE_HEROMOTOCO,NSE,CASH,EQUITY,1348,HEROMOTOCO-EQ,HEROMOTOCO,HEROMOTOCO.NS,VALID,2026-05-16,True,YAHOO,
EQ_NSE_MCX,NSE,CASH,EQUITY,31181,MCX-EQ,MCX,MCX.NS,VALID,2026-05-16,True,YAHOO,
EQ_NSE_BAJAJ-AUTO,NSE,CASH,EQUITY,16669,BAJAJ-AUTO-EQ,BAJAJ-AUTO,BAJAJ-AUTO.NS,VALID,2026-05-16,True,YAHOO,
EQ_NSE_BEL,NSE,CASH,EQUITY,383,BEL-EQ,BEL,BEL.NS,VALID,2026-05-16,True,YAHOO,
EQ_NSE_TATAPOWER,NSE,CASH,EQUITY,3426,TATAPOWER-EQ,TATAPOWER,TATAPOWER.NS,VALID,2026-05-16,True,YAHOO,
EQ_NSE_ICICIBANK,NSE,CASH,EQUITY,4963,ICICIBANK-EQ,ICICIBANK,ICICIBANK.NS,VALID,2026-05-16,True,YAHOO,
EQ_NSE_SUNPHARMA,NSE,CASH,EQUITY,3351,SUNPHARMA-EQ,SUNPHARMA,SUNPHARMA.NS,VALID,2026-05-16,True,YAHOO,
EQ_NSE_LUPIN,NSE,CASH,EQUITY,10440,LUPIN-EQ,LUPIN,LUPIN.NS,VALID,2026-05-16,True,YAHOO,
EQ_NSE_LAURUSLABS,NSE,CASH,EQUITY,19234,LAURUSLABS-EQ,LAURUSLABS,LAURUSLABS.NS,VALID,2026-05-16,True,YAHOO,
EQ_NSE_FORTIS,NSE,CASH,EQUITY,14592,FORTIS-EQ,FORTIS,FORTIS.NS,VALID,2026-05-16,True,YAHOO,
EQ_NSE_ASTRAL,NSE,CASH,EQUITY,14418,ASTRAL-EQ,ASTRAL,ASTRAL.NS,VALID,2026-05-16,True,YAHOO,
EQ_NSE_JINDALSTEL,NSE,CASH,EQUITY,6733,JINDALSTEL-EQ,JINDALSTEL,JINDALSTEL.NS,VALID,2026-05-16,True,YAHOO,
EQ_NSE_SAMMAANCAP,NSE,CASH,EQUITY,30125,SAMMAANCAP-EQ,SAMMAANCAP,SAMMAANCAP.NS,VALID,2026-05-16,True,YAHOO,
EQ_NSE_CGPOWER,NSE,CASH,EQUITY,760,CGPOWER-EQ,CGPOWER,CGPOWER.NS,VALID,2026-05-16,True,YAHOO,
EQ_NSE_ONGC,NSE,CASH,EQUITY,2475,ONGC-EQ,ONGC,ONGC.NS,VALID,2026-05-16,True,YAHOO,
EQ_NSE_BANKBARODA,NSE,CASH,EQUITY,4668,BANKBARODA-EQ,BANKBARODA,BANKBARODA.NS,VALID,2026-05-16,True,YAHOO,
EQ_NSE_VBL,NSE,CASH,EQUITY,18921,VBL-EQ,VBL,VBL.NS,VALID,2026-05-16,True,YAHOO,
EQ_NSE_MFSL,NSE,CASH,EQUITY,2142,MFSL-EQ,MFSL,MFSL.NS,VALID,2026-05-16,True,YAHOO,
EQ_NSE_NBCC,NSE,CASH,EQUITY,31415,NBCC-EQ,NBCC,NBCC.NS,VALID,2026-05-16,True,YAHOO,
EQ_NSE_DLF,NSE,CASH,EQUITY,14732,DLF-EQ,DLF,DLF.NS,VALID,2026-05-16,True,YAHOO,
EQ_NSE_IDFCFIRSTB,NSE,CASH,EQUITY,11184,IDFCFIRSTB-EQ,IDFCFIRSTB,IDFCFIRSTB.NS,VALID,2026-05-16,True,YAHOO,
EQ_NSE_MOTHERSON-D1,NSE,CASH,EQUITY,25510,MOTHERSON-D1,MOTHERSON-D1,MOTHERSON-D1.NS,INVALID,2026-05-16,True,YAHOO,
EQ_NSE_ADANIGREEN,NSE,CASH,EQUITY,3563,ADANIGREEN-EQ,ADANIGREEN,ADANIGREEN.NS,VALID,2026-05-16,True,YAHOO,
EQ_NSE_PAGEIND,NSE,CASH,EQUITY,14413,PAGEIND-EQ,PAGEIND,PAGEIND.NS,VALID,2026-05-16,True,YAHOO,
EQ_NSE_RVNL,NSE,CASH,EQUITY,9552,RVNL-EQ,RVNL,RVNL.NS,VALID,2026-05-16,True,YAHOO,
EQ_NSE_INDIANB,NSE,CASH,EQUITY,14309,INDIANB-EQ,INDIANB,INDIANB.NS,VALID,2026-05-16,True,YAHOO,
EQ_NSE_ITC,NSE,CASH,EQUITY,1660,ITC-EQ,ITC,ITC.NS,VALID,2026-05-16,True,YAHOO,
EQ_NSE_GAIL,NSE,CASH,EQUITY,4717,GAIL-EQ,GAIL,GAIL.NS,VALID,2026-05-16,True,YAHOO,
EQ_NSE_PFC,NSE,CASH,EQUITY,14299,PFC-EQ,PFC,PFC.NS,VALID,2026-05-16,True,YAHOO,
EQ_NSE_ALKEM,NSE,CASH,EQUITY,11703,ALKEM-EQ,ALKEM,ALKEM.NS,VALID,2026-05-16,True,YAHOO,
EQ_NSE_ASIANPAINT,NSE,CASH,EQUITY,236,ASIANPAINT-EQ,ASIANPAINT,ASIANPAINT.NS,VALID,2026-05-16,True,YAHOO,
EQ_NSE_PGEL,NSE,CASH,EQUITY,25358,PGEL-EQ,PGEL,PGEL.NS,VALID,2026-05-16,True,YAHOO,
EQ_NSE_UNITDSPR,NSE,CASH,EQUITY,10447,UNITDSPR-EQ,UNITDSPR,UNITDSPR.NS,VALID,2026-05-16,True,YAHOO,
EQ_NSE_CANBK,NSE,CASH,EQUITY,10794,CANBK-EQ,CANBK,CANBK.NS,VALID,2026-05-16,True,YAHOO,
EQ_NSE_LICHSGFIN,NSE,CASH,EQUITY,1997,LICHSGFIN-EQ,LICHSGFIN,LICHSGFIN.NS,VALID,2026-05-16,True,YAHOO,
EQ_NSE_KFINTECH,NSE,CASH,EQUITY,13359,KFINTECH-EQ,KFINTECH,KFINTECH.NS,VALID,2026-05-16,True,YAHOO,
EQ_NSE_BAJAJHLDNG,NSE,CASH,EQUITY,305,BAJAJHLDNG-EQ,BAJAJHLDNG,BAJAJHLDNG.NS,VALID,2026-05-16,True,YAHOO,
EQ_NSE_HAL,NSE,CASH,EQUITY,2303,HAL-EQ,HAL,HAL.NS,VALID,2026-05-16,True,YAHOO,
EQ_NSE_SRF,NSE,CASH,EQUITY,3273,SRF-EQ,SRF,SRF.NS,VALID,2026-05-16,True,YAHOO,
EQ_NSE_SYNGENE,NSE,CASH,EQUITY,10243,SYNGENE-EQ,SYNGENE,SYNGENE.NS,VALID,2026-05-16,True,YAHOO,
EQ_NSE_CIPLA,NSE,CASH,EQUITY,694,CIPLA-EQ,CIPLA,CIPLA.NS,VALID,2026-05-16,True,YAHOO,
EQ_NSE_IRFC,NSE,CASH,EQUITY,2029,IRFC-EQ,IRFC,IRFC.NS,VALID,2026-05-16,True,YAHOO,
EQ_NSE_NATIONALUM,NSE,CASH,EQUITY,6364,NATIONALUM-EQ,NATIONALUM,NATIONALUM.NS,VALID,2026-05-16,True,YAHOO,
EQ_NSE_CHOLAFIN-D1,NSE,CASH,EQUITY,19257,CHOLAFIN-D1,CHOLAFIN-D1,CHOLAFIN-D1.NS,INVALID,2026-05-16,True,YAHOO,
EQ_NSE_KEI,NSE,CASH,EQUITY,13310,KEI-EQ,KEI,KEI.NS,VALID,2026-05-16,True,YAHOO,
EQ_NSE_PIIND,NSE,CASH,EQUITY,24184,PIIND-EQ,PIIND,PIIND.NS,VALID,2026-05-16,True,YAHOO,
EQ_NSE_INDUSINDBK,NSE,CASH,EQUITY,5258,INDUSINDBK-EQ,INDUSINDBK,INDUSINDBK.NS,VALID,2026-05-16,True,YAHOO,
EQ_NSE_SIEMENS,NSE,CASH,EQUITY,3150,SIEMENS-EQ,SIEMENS,SIEMENS.NS,VALID,2026-05-16,True,YAHOO,
EQ_NSE_OBEROIRLTY,NSE,CASH,EQUITY,20242,OBEROIRLTY-EQ,OBEROIRLTY,OBEROIRLTY.NS,VALID,2026-05-16,True,YAHOO,
EQ_NSE_HAVELLS,NSE,CASH,EQUITY,9819,HAVELLS-EQ,HAVELLS,HAVELLS.NS,VALID,2026-05-16,True,YAHOO,
EQ_NSE_KOTAKBANK,NSE,CASH,EQUITY,1922,KOTAKBANK-EQ,KOTAKBANK,KOTAKBANK.NS,VALID,2026-05-16,True,YAHOO,
EQ_NSE_ADANIENT,NSE,CASH,EQUITY,25,ADANIENT-EQ,ADANIENT,ADANIENT.NS,VALID,2026-05-16,True,YAHOO,
EQ_NSE_HDFCLIFE,NSE,CASH,EQUITY,467,HDFCLIFE-EQ,HDFCLIFE,HDFCLIFE.NS,VALID,2026-05-16,True,YAHOO,
EQ_NSE_M&M,NSE,CASH,EQUITY,2031,M&M-EQ,M&M,M&M.NS,VALID,2026-05-16,True,YAHOO,
EQ_NSE_RECLTD,NSE,CASH,EQUITY,15355,RECLTD-EQ,RECLTD,RECLTD.NS,VALID,2026-05-16,True,YAHOO,
EQ_NSE_LODHA,NSE,CASH,EQUITY,3220,LODHA-EQ,LODHA,LODHA.NS,VALID,2026-05-16,True,YAHOO,
EQ_NSE_PAYTM,NSE,CASH,EQUITY,6705,PAYTM-EQ,PAYTM,PAYTM.NS,VALID,2026-05-16,True,YAHOO,
EQ_NSE_VEDL,NSE,CASH,EQUITY,3063,VEDL-EQ,VEDL,VEDL.NS,VALID,2026-05-16,True,YAHOO,
EQ_NSE_INDIGO,NSE,CASH,EQUITY,11195,INDIGO-EQ,INDIGO,INDIGO.NS,VALID,2026-05-16,True,YAHOO,
EQ_NSE_CUMMINSIND,NSE,CASH,EQUITY,1901,CUMMINSIND-EQ,CUMMINSIND,CUMMINSIND.NS,VALID,2026-05-16,True,YAHOO,
EQ_NSE_ABB,NSE,CASH,EQUITY,13,ABB-EQ,ABB,ABB.NS,VALID,2026-05-16,True,YAHOO,
EQ_NSE_PIDILITIND,NSE,CASH,EQUITY,2664,PIDILITIND-EQ,PIDILITIND,PIDILITIND.NS,VALID,2026-05-16,True,YAHOO,
EQ_NSE_BAJAJFINSV,NSE,CASH,EQUITY,16675,BAJAJFINSV-EQ,BAJAJFINSV,BAJAJFINSV.NS,VALID,2026-05-16,True,YAHOO,
EQ_NSE_GODREJPROP,NSE,CASH,EQUITY,17875,GODREJPROP-EQ,GODREJPROP,GODREJPROP.NS,VALID,2026-05-16,True,YAHOO,
EQ_NSE_HINDALCO,NSE,CASH,EQUITY,1363,HINDALCO-EQ,HINDALCO,HINDALCO.NS,VALID,2026-05-16,True,YAHOO,
EQ_NSE_JUBLFOOD,NSE,CASH,EQUITY,18096,JUBLFOOD-EQ,JUBLFOOD,JUBLFOOD.NS,VALID,2026-05-16,True,YAHOO,
EQ_NSE_GMRAIRPORT,NSE,CASH,EQUITY,13528,GMRAIRPORT-EQ,GMRAIRPORT,GMRAIRPORT.NS,VALID,2026-05-16,True,YAHOO,
EQ_NSE_INDHOTEL,NSE,CASH,EQUITY,1512,INDHOTEL-EQ,INDHOTEL,INDHOTEL.NS,VALID,2026-05-16,True,YAHOO,
EQ_NSE_JSWSTEEL,NSE,CASH,EQUITY,11723,JSWSTEEL-EQ,JSWSTEEL,JSWSTEEL.NS,VALID,2026-05-16,True,YAHOO,
EQ_NSE_UPL,NSE,CASH,EQUITY,11287,UPL-EQ,UPL,UPL.NS,VALID,2026-05-16,True,YAHOO,
EQ_NSE_EICHERMOT,NSE,CASH,EQUITY,910,EICHERMOT-EQ,EICHERMOT,EICHERMOT.NS,VALID,2026-05-16,True,YAHOO,
EQ_NSE_CDSL,NSE,CASH,EQUITY,21174,CDSL-EQ,CDSL,CDSL.NS,VALID,2026-05-16,True,YAHOO,
EQ_NSE_HINDPETRO,NSE,CASH,EQUITY,1406,HINDPETRO-EQ,HINDPETRO,HINDPETRO.NS,VALID,2026-05-16,True,YAHOO,
EQ_NSE_INDUSTOWER,NSE,CASH,EQUITY,29135,INDUSTOWER-EQ,INDUSTOWER,INDUSTOWER.NS,VALID,2026-05-16,True,YAHOO,
EQ_NSE_ADANIPORTS,NSE,CASH,EQUITY,15083,ADANIPORTS-EQ,ADANIPORTS,ADANIPORTS.NS,VALID,2026-05-16,True,YAHOO,
EQ_NSE_MANKIND,NSE,CASH,EQUITY,15380,MANKIND-EQ,MANKIND,MANKIND.NS,VALID,2026-05-16,True,YAHOO,
EQ_NSE_MAZDOCK,NSE,CASH,EQUITY,509,MAZDOCK-EQ,MAZDOCK,MAZDOCK.NS,VALID,2026-05-16,True,YAHOO,
EQ_NSE_NAUKRI,NSE,CASH,EQUITY,13751,NAUKRI-EQ,NAUKRI,NAUKRI.NS,VALID,2026-05-16,True,YAHOO,
EQ_NSE_EXIDEIND,NSE,CASH,EQUITY,676,EXIDEIND-EQ,EXIDEIND,EXIDEIND.NS,VALID,2026-05-16,True,YAHOO,
EQ_NSE_BIOCON,NSE,CASH,EQUITY,11373,BIOCON-EQ,BIOCON,BIOCON.NS,VALID,2026-05-16,True,YAHOO,
EQ_NSE_NYKAA,NSE,CASH,EQUITY,6545,NYKAA-EQ,NYKAA,NYKAA.NS,VALID,2026-05-16,True,YAHOO,
EQ_NSE_COALINDIA,NSE,CASH,EQUITY,20374,COALINDIA-EQ,COALINDIA,COALINDIA.NS,VALID,2026-05-16,True,YAHOO,
EQ_NSE_SHREECEM,NSE,CASH,EQUITY,3103,SHREECEM-EQ,SHREECEM,SHREECEM.NS,VALID,2026-05-16,True,YAHOO,
EQ_NSE_DMART,NSE,CASH,EQUITY,19913,DMART-EQ,DMART,DMART.NS,VALID,2026-05-16,True,YAHOO,
EQ_NSE_GRASIM,NSE,CASH,EQUITY,1232,GRASIM-EQ,GRASIM,GRASIM.NS,VALID,2026-05-16,True,YAHOO,
EQ_NSE_COLPAL,NSE,CASH,EQUITY,15141,COLPAL-EQ,COLPAL,COLPAL.NS,VALID,2026-05-16,True,YAHOO,
EQ_NSE_AUBANK,NSE,CASH,EQUITY,21238,AUBANK-EQ,AUBANK,AUBANK.NS,VALID,2026-05-16,True,YAHOO,
EQ_NSE_BRITANNIA,NSE,CASH,EQUITY,547,BRITANNIA-EQ,BRITANNIA,BRITANNIA.NS,VALID,2026-05-16,True,YAHOO,
EQ_NSE_BDL,NSE,CASH,EQUITY,2144,BDL-EQ,BDL,BDL.NS,VALID,2026-05-16,True,YAHOO,
EQ_NSE_CROMPTON,NSE,CASH,EQUITY,17094,CROMPTON-EQ,CROMPTON,CROMPTON.NS,VALID,2026-05-16,True,YAHOO,
EQ_NSE_SBILIFE,NSE,CASH,EQUITY,21808,SBILIFE-EQ,SBILIFE,SBILIFE.NS,VALID,2026-05-16,True,YAHOO,
EQ_NSE_TATACONSUM,NSE,CASH,EQUITY,3432,TATACONSUM-EQ,TATACONSUM,TATACONSUM.NS,VALID,2026-05-16,True,YAHOO,
EQ_NSE_YESBANK,NSE,CASH,EQUITY,11915,YESBANK-EQ,YESBANK,YESBANK.NS,VALID,2026-05-16,True,YAHOO,
EQ_NSE_MAXHEALTH,NSE,CASH,EQUITY,22377,MAXHEALTH-EQ,MAXHEALTH,MAXHEALTH.NS,VALID,2026-05-16,True,YAHOO,
EQ_NSE_BLUESTARCO,NSE,CASH,EQUITY,8311,BLUESTARCO-EQ,BLUESTARCO,BLUESTARCO.NS,VALID,2026-05-16,True,YAHOO,
EQ_NSE_PATANJALI,NSE,CASH,EQUITY,17029,PATANJALI-EQ,PATANJALI,PATANJALI.NS,VALID,2026-05-16,True,YAHOO,
EQ_NSE_BHARTIARTL,NSE,CASH,EQUITY,10604,BHARTIARTL-EQ,BHARTIARTL,BHARTIARTL.NS,VALID,2026-05-16,True,YAHOO,
EQ_NSE_MARUTI,NSE,CASH,EQUITY,10999,MARUTI-EQ,MARUTI,MARUTI.NS,VALID,2026-05-16,True,YAHOO,
EQ_NSE_ICICIGI,NSE,CASH,EQUITY,21770,ICICIGI-EQ,ICICIGI,ICICIGI.NS,VALID,2026-05-16,True,YAHOO,
EQ_NSE_LICI,NSE,CASH,EQUITY,9480,LICI-EQ,LICI,LICI.NS,VALID,2026-05-16,True,YAHOO,
EQ_NSE_SUZLON,NSE,CASH,EQUITY,12018,SUZLON-EQ,SUZLON,SUZLON.NS,VALID,2026-05-16,True,YAHOO,
EQ_NSE_CONCOR,NSE,CASH,EQUITY,4749,CONCOR-EQ,CONCOR,CONCOR.NS,VALID,2026-05-16,True,YAHOO,
EQ_NSE_ZYDUSLIFE,NSE,CASH,EQUITY,7929,ZYDUSLIFE-EQ,ZYDUSLIFE,ZYDUSLIFE.NS,VALID,2026-05-16,True,YAHOO,
EQ_NSE_PRESTIGE,NSE,CASH,EQUITY,20302,PRESTIGE-EQ,PRESTIGE,PRESTIGE.NS,VALID,2026-05-16,True,YAHOO,
EQ_NSE_BOSCHLTD,NSE,CASH,EQUITY,2181,BOSCHLTD-EQ,BOSCHLTD,BOSCHLTD.NS,VALID,2026-05-16,True,YAHOO,
EQ_NSE_MARICO,NSE,CASH,EQUITY,4067,MARICO-EQ,MARICO,MARICO.NS,VALID,2026-05-16,True,YAHOO,
EQ_NSE_HUDCO,NSE,CASH,EQUITY,20825,HUDCO-EQ,HUDCO,HUDCO.NS,VALID,2026-05-16,True,YAHOO,
EQ_NSE_AMBUJACEM,NSE,CASH,EQUITY,1270,AMBUJACEM-EQ,AMBUJACEM,AMBUJACEM.NS,VALID,2026-05-16,True,YAHOO,
EQ_NSE_PNBHOUSING,NSE,CASH,EQUITY,18908,PNBHOUSING-EQ,PNBHOUSING,PNBHOUSING.NS,VALID,2026-05-16,True,YAHOO,
EQ_NSE_DRREDDY,NSE,CASH,EQUITY,881,DRREDDY-EQ,DRREDDY,DRREDDY.NS,VALID,2026-05-16,True,YAHOO,
EQ_NSE_SOLARINDS,NSE,CASH,EQUITY,13332,SOLARINDS-EQ,SOLARINDS,SOLARINDS.NS,VALID,2026-05-16,True,YAHOO,
EQ_NSE_HINDUNILVR,NSE,CASH,EQUITY,1394,HINDUNILVR-EQ,HINDUNILVR,HINDUNILVR.NS,VALID,2026-05-16,True,YAHOO,
EQ_NSE_KAYNES,NSE,CASH,EQUITY,12092,KAYNES-EQ,KAYNES,KAYNES.NS,VALID,2026-05-16,True,YAHOO,
EQ_NSE_PHOENIXLTD,NSE,CASH,EQUITY,14552,PHOENIXLTD-EQ,PHOENIXLTD,PHOENIXLTD.NS,VALID,2026-05-16,True,YAHOO,
EQ_NSE_SHRIRAMFIN,NSE,CASH,EQUITY,4306,SHRIRAMFIN-EQ,SHRIRAMFIN,SHRIRAMFIN.NS,VALID,2026-05-16,True,YAHOO,
EQ_NSE_IREDA,NSE,CASH,EQUITY,20261,IREDA-EQ,IREDA,IREDA.NS,VALID,2026-05-16,True,YAHOO,
EQ_NSE_SONACOMS,NSE,CASH,EQUITY,4684,SONACOMS-EQ,SONACOMS,SONACOMS.NS,VALID,2026-05-16,True,YAHOO,
EQ_NSE_NESTLEIND,NSE,CASH,EQUITY,17963,NESTLEIND-EQ,NESTLEIND,NESTLEIND.NS,VALID,2026-05-16,True,YAHOO,
EQ_NSE_UNOMINDA,NSE,CASH,EQUITY,14154,UNOMINDA-EQ,UNOMINDA,UNOMINDA.NS,VALID,2026-05-16,True,YAHOO,
EQ_NSE_RBLBANK,NSE,CASH,EQUITY,18391,RBLBANK-EQ,RBLBANK,RBLBANK.NS,VALID,2026-05-16,True,YAHOO,
EQ_NSE_JSWENERGY,NSE,CASH,EQUITY,17869,JSWENERGY-EQ,JSWENERGY,JSWENERGY.NS,VALID,2026-05-16,True,YAHOO,
EQ_NSE_DALBHARAT,NSE,CASH,EQUITY,8075,DALBHARAT-EQ,DALBHARAT,DALBHARAT.NS,VALID,2026-05-16,True,YAHOO,
EQ_NSE_ULTRACEMCO,NSE,CASH,EQUITY,11532,ULTRACEMCO-EQ,ULTRACEMCO,ULTRACEMCO.NS,VALID,2026-05-16,True,YAHOO,
EQ_NSE_GODREJCP,NSE,CASH,EQUITY,10099,GODREJCP-EQ,GODREJCP,GODREJCP.NS,VALID,2026-05-16,True,YAHOO,
EQ_NSE_POLICYBZR,NSE,CASH,EQUITY,6656,POLICYBZR-EQ,POLICYBZR,POLICYBZR.NS,VALID,2026-05-16,True,YAHOO,
EQ_NSE_ICICIPRULI,NSE,CASH,EQUITY,18652,ICICIPRULI-EQ,ICICIPRULI,ICICIPRULI.NS,VALID,2026-05-16,True,YAHOO,
EQ_NSE_DABUR,NSE,CASH,EQUITY,772,DABUR-EQ,DABUR,DABUR.NS,VALID,2026-05-16,True,YAHOO,
EQ_NSE_INOXWIND,NSE,CASH,EQUITY,7852,INOXWIND-EQ,INOXWIND,INOXWIND.NS,VALID,2026-05-16,True,YAHOO,
EQ_NSE_PPLPHARMA,NSE,CASH,EQUITY,11571,PPLPHARMA-EQ,PPLPHARMA,PPLPHARMA.NS,VALID,2026-05-16,True,YAHOO,
EQ_NSE_BSE,NSE,CASH,EQUITY,19585,BSE-EQ,BSE,BSE.NS,VALID,2026-05-16,True,YAHOO,
EQ_NSE_MUTHOOTFIN,NSE,CASH,EQUITY,23650,MUTHOOTFIN-EQ,MUTHOOTFIN,MUTHOOTFIN.NS,VALID,2026-05-16,True,YAHOO,
EQ_NSE_MANAPPURAM,NSE,CASH,EQUITY,19061,MANAPPURAM-EQ,MANAPPURAM,MANAPPURAM.NS,VALID,2026-05-16,True,YAHOO,
EQ_NSE_BANDHANBNK,NSE,CASH,EQUITY,2263,BANDHANBNK-EQ,BANDHANBNK,BANDHANBNK.NS,VALID,2026-05-16,True,YAHOO,
EQ_NSE_ABCAPITAL,NSE,CASH,EQUITY,21614,ABCAPITAL-EQ,ABCAPITAL,ABCAPITAL.NS,VALID,2026-05-16,True,YAHOO,
EQ_NSE_360ONE,NSE,CASH,EQUITY,13061,360ONE-EQ,360ONE,360ONE.NS,VALID,2026-05-16,True,YAHOO,
EQ_NSE_NUVAMA,NSE,CASH,EQUITY,18721,NUVAMA-EQ,NUVAMA,NUVAMA.NS,VALID,2026-05-16,True,YAHOO,
EQ_NSE_CAMS,NSE,CASH,EQUITY,342,CAMS-EQ,CAMS,CAMS.NS,VALID,2026-05-16,True,YAHOO,
EQ_NSE_LTF,NSE,CASH,EQUITY,24948,LTF-EQ,LTF,LTF.NS,VALID,2026-05-16,True,YAHOO,
EQ_NSE_ANGELONE,NSE,CASH,EQUITY,324,ANGELONE-EQ,ANGELONE,ANGELONE.NS,VALID,2026-05-16,True,YAHOO,
